CensusTract,State,County,Urban,LA1and10,LAhalfand10,LA1and20,LATracts_half,LATracts1,LATracts10,LATracts20,LATractsVehicle_20
48201100000,Texas,Harris,1,0,0,0,0,0,0,0,0
48201210100,Texas,Harris,1,0,1,0,1,0,0,0,0
48201210400,Texas,Harris,1,0,1,0,1,0,0,0,0
48201210500,Texas,Harris,1,0,1,0,1,0,0,0,0
48201210600,Texas,Harris,1,0,1,0,1,0,0,0,0
48201210700,Texas,Harris,1,0,0,0,0,0,0,0,0
48201210800,Texas,Harris,1,0,1,0,1,0,0,0,1
48201210900,Texas,Harris,1,0,0,0,0,0,0,0,0
48201211000,Texas,Harris,1,0,0,0,0,0,0,0,0
48201211100,Texas,Harris,1,1,1,1,1,1,0,0,1
48201211200,Texas,Harris,1,0,1,0,1,0,0,0,1
48201211300,Texas,Harris,1,1,1,1,1,1,0,0,1
48201211400,Texas,Harris,1,1,1,1,1,1,0,0,1
48201211500,Texas,Harris,1,1,1,1,1,1,0,0,1
48201211600,Texas,Harris,1,0,1,0,1,0,0,0,0
48201211700,Texas,Harris,1,1,1,1,1,1,0,0,1
48201211900,Texas,Harris,1,0,1,0,1,0,0,0,0
48201212300,Texas,Harris,1,0,1,0,1,0,0,0,1
48201212400,Texas,Harris,1,0,1,0,1,0,0,0,0
48201212500,Texas,Harris,1,1,1,1,1,1,0,0,1
48201220100,Texas,Harris,1,0,1,0,1,0,0,0,0
48201220200,Texas,Harris,1,0,1,0,1,0,0,0,0
48201220300,Texas,Harris,1,0,1,0,1,0,0,0,0
48201220400,Texas,Harris,1,0,0,0,0,0,0,0,0
48201220500,Texas,Harris,1,0,1,0,1,0,0,0,1
48201220600,Texas,Harris,1,0,1,0,1,0,0,0,0
48201220700,Texas,Harris,1,0,1,0,1,0,0,0,0
48201220800,Texas,Harris,1,0,0,0,0,0,0,0,0
48201220900,Texas,Harris,1,0,1,0,1,0,0,0,0
48201221000,Texas,Harris,1,0,1,0,1,0,0,0,1
48201221100,Texas,Harris,1,1,1,1,1,1,0,0,0
48201221200,Texas,Harris,1,0,1,0,1,0,0,0,0
48201221300,Texas,Harris,1,1,1,1,1,1,0,0,0
48201221400,Texas,Harris,1,0,1,0,1,0,0,0,1
48201221500,Texas,Harris,1,0,1,0,1,0,0,0,1
48201221600,Texas,Harris,1,1,1,1,1,1,0,0,0
48201221700,Texas,Harris,1,1,1,1,1,1,0,0,0
48201221800,Texas,Harris,1,0,1,0,1,0,0,0,0
48201221900,Texas,Harris,1,0,1,0,1,0,0,0,0
48201222000,Texas,Harris,1,0,0,0,0,0,0,0,0
48201222100,Texas,Harris,1,0,1,0,1,0,0,0,0
48201222200,Texas,Harris,1,0,1,0,1,0,0,0,0
48201222300,Texas,Harris,1,1,1,1,1,1,0,0,0
48201222401,Texas,Harris,1,1,1,1,1,1,0,0,1
48201222402,Texas,Harris,1,1,1,1,1,1,0,0,0
48201222501,Texas,Harris,1,0,1,0,1,0,0,0,0
48201222502,Texas,Harris,1,1,1,1,1,1,0,0,0
48201222503,Texas,Harris,1,0,1,0,1,0,0,0,0
48201222600,Texas,Harris,1,0,1,0,1,0,0,0,1
48201222700,Texas,Harris,1,1,1,1,1,1,0,0,1
48201222800,Texas,Harris,1,1,1,1,1,1,0,0,0
48201222900,Texas,Harris,1,1,1,1,1,1,0,0,1
48201223001,Texas,Harris,1,0,1,0,1,0,0,0,0
48201223002,Texas,Harris,1,0,1,0,1,0,0,0,0
48201223100,Texas,Harris,1,0,1,0,1,0,0,0,0
48201230100,Texas,Harris,1,0,1,0,1,0,0,0,0
48201230200,Texas,Harris,1,1,1,1,1,1,0,0,1
48201230300,Texas,Harris,1,1,1,1,1,1,0,0,0
48201230400,Texas,Harris,1,1,1,1,1,1,0,0,1
48201230500,Texas,Harris,1,0,1,0,1,0,0,0,0
48201230600,Texas,Harris,1,0,1,0,1,0,0,0,0
48201230700,Texas,Harris,1,0,1,0,1,0,0,0,0
48201230800,Texas,Harris,1,1,1,1,1,1,0,0,1
48201230900,Texas,Harris,1,1,1,1,1,1,0,0,1
48201231000,Texas,Harris,1,1,1,1,1,1,0,0,1
48201231100,Texas,Harris,1,0,1,0,1,0,0,0,0
48201231200,Texas,Harris,1,1,1,1,1,1,0,0,1
48201231300,Texas,Harris,1,1,1,1,1,1,0,0,1
48201231400,Texas,Harris,1,0,1,0,1,0,0,0,0
48201231500,Texas,Harris,1,0,1,0,1,0,0,0,0
48201231600,Texas,Harris,1,0,1,0,1,0,0,0,0
48201231700,Texas,Harris,1,0,1,0,1,0,0,0,0
48201231800,Texas,Harris,1,0,1,0,1,0,0,0,0
48201231900,Texas,Harris,1,1,1,1,1,1,0,0,1
48201232000,Texas,Harris,0,0,0,0,0,0,0,0,0
48201232100,Texas,Harris,1,0,1,0,1,0,0,0,0
48201232200,Texas,Harris,1,1,1,1,1,1,0,0,0
48201232301,Texas,Harris,0,0,0,0,0,0,0,0,0
48201232302,Texas,Harris,1,1,1,1,1,1,0,0,0
48201232401,Texas,Harris,1,1,1,1,1,1,0,0,0
48201232402,Texas,Harris,1,0,1,0,1,0,0,0,0
48201232403,Texas,Harris,1,1,1,1,1,1,0,0,0
48201232500,Texas,Harris,1,1,1,1,1,1,0,0,0
48201232600,Texas,Harris,1,0,1,0,1,0,0,0,0
48201232701,Texas,Harris,1,1,1,1,1,1,0,0,0
48201232702,Texas,Harris,1,0,1,0,1,0,0,0,0
48201232800,Texas,Harris,1,0,1,0,1,0,0,0,0
48201232900,Texas,Harris,1,0,1,0,1,0,0,0,1
48201233001,Texas,Harris,1,0,0,0,0,0,0,0,0
48201233002,Texas,Harris,1,0,1,0,1,0,0,0,0
48201233003,Texas,Harris,1,0,1,0,1,0,0,0,0
48201233101,Texas,Harris,1,0,1,0,1,0,0,0,0
48201233102,Texas,Harris,1,0,1,0,1,0,0,0,0
48201233103,Texas,Harris,1,0,1,0,1,0,0,0,0
48201233200,Texas,Harris,1,0,1,0,1,0,0,0,0
48201233300,Texas,Harris,1,1,1,1,1,1,0,0,0
48201233400,Texas,Harris,1,0,0,0,0,0,0,0,0
48201233500,Texas,Harris,1,0,1,0,1,0,0,0,0
48201233600,Texas,Harris,1,1,1,1,1,1,0,0,1
48201233701,Texas,Harris,1,0,1,0,1,0,0,0,0
48201233702,Texas,Harris,1,0,1,0,1,0,0,0,0
48201233703,Texas,Harris,1,1,1,1,1,1,0,0,0
48201240100,Texas,Harris,1,0,0,0,0,0,0,0,0
48201240400,Texas,Harris,1,1,1,1,1,1,0,0,0
48201240501,Texas,Harris,1,0,1,0,1,0,0,0,0
48201240502,Texas,Harris,1,0,1,0,1,0,0,0,1
48201240600,Texas,Harris,1,0,0,0,0,0,0,0,0
48201240701,Texas,Harris,1,1,1,1,1,1,0,0,0
48201240702,Texas,Harris,1,1,1,1,1,1,0,0,0
48201240801,Texas,Harris,1,1,1,1,1,1,0,0,1
48201240802,Texas,Harris,1,1,1,1,1,1,0,0,0
48201240901,Texas,Harris,1,1,1,1,1,1,0,0,0
48201240902,Texas,Harris,1,1,1,1,1,1,0,0,1
48201241000,Texas,Harris,1,1,1,1,1,1,0,0,0
48201241101,Texas,Harris,1,1,1,1,1,1,0,0,0
48201241102,Texas,Harris,1,1,1,1,1,1,0,0,0
48201241103,Texas,Harris,1,0,1,0,1,0,0,0,0
48201241200,Texas,Harris,1,0,1,0,1,0,0,0,0
48201241300,Texas,Harris,1,1,1,1,1,1,0,0,0
48201241400,Texas,Harris,1,1,1,1,1,1,0,0,0
48201241500,Texas,Harris,1,1,1,1,1,1,0,0,1
48201250100,Texas,Harris,1,1,1,1,1,1,0,0,0
48201250200,Texas,Harris,1,1,1,1,1,1,0,0,0
48201250301,Texas,Harris,1,1,1,1,1,1,0,0,0
48201250302,Texas,Harris,1,0,1,0,1,0,0,0,0
48201250401,Texas,Harris,1,0,1,0,1,0,0,0,0
48201250402,Texas,Harris,1,1,1,1,1,1,0,0,0
48201250500,Texas,Harris,1,1,1,1,1,1,0,0,0
48201250600,Texas,Harris,1,1,1,1,1,1,0,0,1
48201250701,Texas,Harris,0,0,0,0,0,0,0,0,0
48201250702,Texas,Harris,1,0,1,0,1,0,0,0,0
48201250800,Texas,Harris,1,1,1,1,1,1,0,0,0
48201250900,Texas,Harris,1,1,1,1,1,1,0,0,0
48201251000,Texas,Harris,1,1,1,1,1,1,0,0,0
48201251100,Texas,Harris,1,1,1,1,1,1,0,0,0
48201251200,Texas,Harris,1,1,1,1,1,1,0,0,0
48201251300,Texas,Harris,1,1,1,1,1,1,0,0,0
48201251401,Texas,Harris,1,1,1,1,1,1,0,0,0
48201251402,Texas,Harris,1,1,1,1,1,1,0,0,0
48201251501,Texas,Harris,1,1,1,1,1,1,0,0,0
48201251502,Texas,Harris,1,1,1,1,1,1,0,0,0
48201251503,Texas,Harris,1,0,1,0,1,0,0,0,0
48201251600,Texas,Harris,0,0,0,0,0,0,0,0,0
48201251700,Texas,Harris,1,1,1,1,1,1,0,0,1
48201251800,Texas,Harris,0,0,0,0,0,0,0,0,0
48201251901,Texas,Harris,0,0,0,0,0,0,0,0,0
48201251902,Texas,Harris,1,1,1,1,1,1,0,0,0
48201252000,Texas,Harris,1,1,1,1,1,1,0,0,0
48201252100,Texas,Harris,1,1,1,1,1,1,0,0,0
48201252200,Texas,Harris,1,1,1,1,1,1,0,0,0
48201252301,Texas,Harris,1,1,1,1,1,1,0,0,0
48201252302,Texas,Harris,1,1,1,1,1,1,0,0,0
48201252400,Texas,Harris,1,0,1,0,1,0,0,0,0
48201252500,Texas,Harris,1,1,1,1,1,1,0,0,1
48201252600,Texas,Harris,1,1,1,1,1,1,0,0,0
48201252700,Texas,Harris,0,0,0,0,0,0,0,0,0
48201252800,Texas,Harris,0,0,0,0,0,0,0,0,1
48201252900,Texas,Harris,1,1,1,1,1,1,0,0,0
48201253000,Texas,Harris,1,1,1,1,1,1,0,0,0
48201253100,Texas,Harris,1,1,1,1,1,1,0,0,0
48201253200,Texas,Harris,0,0,0,0,0,0,0,0,1
48201253300,Texas,Harris,1,1,1,1,1,1,0,0,0
48201253400,Texas,Harris,1,1,1,1,1,1,0,0,0
48201253500,Texas,Harris,1,1,1,1,1,1,0,0,1
48201253600,Texas,Harris,1,0,1,0,1,0,0,0,1
48201253700,Texas,Harris,1,0,1,0,1,0,0,0,0
48201253800,Texas,Harris,1,1,1,1,1,1,0,0,1
48201253900,Texas,Harris,1,0,1,0,1,0,0,0,0
48201254000,Texas,Harris,1,0,1,0,1,0,0,0,0
48201254100,Texas,Harris,1,0,1,0,1,0,0,0,0
48201254200,Texas,Harris,1,1,1,1,1,1,0,0,0
48201254300,Texas,Harris,1,0,1,0,1,0,0,0,0
48201254400,Texas,Harris,1,1,1,1,1,1,0,0,1
48201254500,Texas,Harris,1,1,1,1,1,1,0,0,0
48201254600,Texas,Harris,1,1,1,1,1,1,0,0,0
48201254700,Texas,Harris,1,1,1,1,1,1,0,0,0
48201310100,Texas,Harris,1,1,1,1,1,1,0,0,1
48201310200,Texas,Harris,1,0,1,0,1,0,0,0,0
48201310300,Texas,Harris,1,0,1,0,1,0,0,0,0
48201310400,Texas,Harris,1,1,1,1,1,1,0,0,1
48201310500,Texas,Harris,1,0,1,0,1,0,0,0,1
48201310600,Texas,Harris,1,0,1,0,1,0,0,0,1
48201310700,Texas,Harris,1,0,1,0,1,0,0,0,1
48201310800,Texas,Harris,1,0,0,0,0,0,0,0,0
48201310900,Texas,Harris,1,0,1,0,1,0,0,0,0
48201311000,Texas,Harris,1,0,1,0,1,0,0,0,0
48201311100,Texas,Harris,1,1,1,1,1,1,0,0,1
48201311200,Texas,Harris,1,0,0,0,0,0,0,0,0
48201311300,Texas,Harris,1,0,1,0,1,0,0,0,0
48201311400,Texas,Harris,1,0,1,0,1,0,0,0,0
48201311500,Texas,Harris,1,0,1,0,1,0,0,0,0
48201311600,Texas,Harris,1,0,0,0,0,0,0,0,0
48201311700,Texas,Harris,1,0,1,0,1,0,0,0,0
48201311800,Texas,Harris,1,0,0,0,0,0,0,0,0
48201311900,Texas,Harris,1,0,1,0,1,0,0,0,0
48201312000,Texas,Harris,1,1,1,1,1,1,0,0,1
48201312100,Texas,Harris,1,0,1,0,1,0,0,0,0
48201312200,Texas,Harris,1,0,0,0,0,0,0,0,0
48201312300,Texas,Harris,1,0,1,0,1,0,0,0,1
48201312400,Texas,Harris,1,0,1,0,1,0,0,0,1
48201312500,Texas,Harris,1,0,1,0,1,0,0,0,0
48201312600,Texas,Harris,1,0,0,0,0,0,0,0,0
48201312700,Texas,Harris,1,0,1,0,1,0,0,0,1
48201312800,Texas,Harris,1,1,1,1,1,1,0,0,1
48201312900,Texas,Harris,1,1,1,1,1,1,0,0,1
48201313000,Texas,Harris,1,0,1,0,1,0,0,0,1
48201313100,Texas,Harris,1,0,1,0,1,0,0,0,0
48201313200,Texas,Harris,1,0,1,0,1,0,0,0,1
48201313300,Texas,Harris,1,1,1,1,1,1,0,0,0
48201313400,Texas,Harris,1,0,1,0,1,0,0,0,1
48201313500,Texas,Harris,1,0,1,0,1,0,0,0,0
48201313600,Texas,Harris,1,0,0,0,0,0,0,0,0
48201313700,Texas,Harris,1,0,0,0,0,0,0,0,0
48201313800,Texas,Harris,1,0,1,0,1,0,0,0,1
48201313900,Texas,Harris,1,0,1,0,1,0,0,0,0
48201314001,Texas,Harris,1,0,0,0,0,0,0,0,0
48201314002,Texas,Harris,1,0,1,0,1,0,0,0,1
48201314300,Texas,Harris,1,0,1,0,1,0,0,0,1
48201314400,Texas,Harris,1,0,1,0,1,0,0,0,0
48201320100,Texas,Harris,1,0,0,0,0,0,0,0,0
48201320200,Texas,Harris,1,0,1,0,1,0,0,0,1
48201320500,Texas,Harris,1,1,1,1,1,1,0,0,0
48201320601,Texas,Harris,1,0,1,0,1,0,0,0,0
48201320602,Texas,Harris,1,0,0,0,0,0,0,0,0
48201320700,Texas,Harris,1,0,1,0,1,0,0,0,0
48201320800,Texas,Harris,1,0,1,0,1,0,0,0,0
48201320900,Texas,Harris,1,0,1,0,1,0,0,0,0
48201321000,Texas,Harris,1,0,1,0,1,0,0,0,0
48201321100,Texas,Harris,1,1,1,1,1,1,0,0,1
48201321200,Texas,Harris,1,1,1,1,1,1,0,0,0
48201321300,Texas,Harris,1,0,0,0,0,0,0,0,0
48201321401,Texas,Harris,1,0,1,0,1,0,0,0,0
48201321402,Texas,Harris,1,0,1,0,1,0,0,0,0
48201321500,Texas,Harris,1,0,0,0,0,0,0,0,0
48201321600,Texas,Harris,1,0,1,0,1,0,0,0,0
48201321700,Texas,Harris,1,0,0,0,0,0,0,0,0
48201321800,Texas,Harris,1,0,1,0,1,0,0,0,0
48201321900,Texas,Harris,1,0,1,0,1,0,0,0,0
48201322000,Texas,Harris,1,0,0,0,0,0,0,0,0
48201322100,Texas,Harris,1,0,1,0,1,0,0,0,0
48201322200,Texas,Harris,1,0,0,0,0,0,0,0,0
48201322600,Texas,Harris,1,1,1,1,1,1,0,0,0
48201322700,Texas,Harris,1,0,1,0,1,0,0,0,0
48201322800,Texas,Harris,1,0,1,0,1,0,0,0,0
48201322900,Texas,Harris,1,0,1,0,1,0,0,0,0
48201323000,Texas,Harris,1,0,1,0,1,0,0,0,0
48201323100,Texas,Harris,1,0,1,0,1,0,0,0,0
48201323200,Texas,Harris,1,0,1,0,1,0,0,0,0
48201323300,Texas,Harris,1,0,1,0,1,0,0,0,1
48201323400,Texas,Harris,1,0,0,0,0,0,0,0,0
48201323500,Texas,Harris,1,0,0,0,0,0,0,0,0
48201323600,Texas,Harris,1,1,1,1,1,1,0,0,0
48201323701,Texas,Harris,1,0,1,0,1,0,0,0,0
48201323702,Texas,Harris,1,0,1,0,1,0,0,0,0
48201323801,Texas,Harris,1,0,0,0,0,0,0,0,0
48201323802,Texas,Harris,1,0,1,0,1,0,0,0,1
48201323900,Texas,Harris,1,1,1,1,1,1,0,0,1
48201324000,Texas,Harris,1,1,1,1,1,1,0,0,0
48201324100,Texas,Harris,1,0,1,0,1,0,0,0,0
48201324200,Texas,Harris,1,1,1,1,1,1,0,0,0
48201330100,Texas,Harris,1,1,1,1,1,1,0,0,0
48201330200,Texas,Harris,1,1,1,1,1,1,0,0,0
48201330301,Texas,Harris,1,1,1,1,1,1,0,0,0
48201330302,Texas,Harris,1,1,1,1,1,1,0,0,0
48201330303,Texas,Harris,1,1,1,1,1,1,0,0,0
48201330400,Texas,Harris,1,1,1,1,1,1,0,0,0
48201330500,Texas,Harris,1,1,1,1,1,1,0,0,0
48201330600,Texas,Harris,1,0,1,0,1,0,0,0,0
48201330700,Texas,Harris,1,0,1,0,1,0,0,0,0
48201330800,Texas,Harris,1,1,1,1,1,1,0,0,0
48201330900,Texas,Harris,1,1,1,1,1,1,0,0,1
48201331100,Texas,Harris,1,1,1,1,1,1,0,0,1
48201331200,Texas,Harris,1,1,1,1,1,1,0,0,1
48201331300,Texas,Harris,1,1,1,1,1,1,0,0,1
48201331400,Texas,Harris,1,0,1,0,1,0,0,0,1
48201331500,Texas,Harris,1,1,1,1,1,1,0,0,1
48201331601,Texas,Harris,1,1,1,1,1,1,0,0,1
48201331602,Texas,Harris,1,0,1,0,1,0,0,0,0
48201331700,Texas,Harris,1,0,1,0,1,0,0,0,1
48201331800,Texas,Harris,1,0,1,0,1,0,0,0,1
48201331900,Texas,Harris,1,0,1,0,1,0,0,0,1
48201332000,Texas,Harris,1,0,1,0,1,0,0,0,1
48201332100,Texas,Harris,1,0,1,0,1,0,0,0,0
48201332200,Texas,Harris,1,0,1,0,1,0,0,0,0
48201332300,Texas,Harris,1,1,1,1,1,1,0,0,1
48201332400,Texas,Harris,1,1,1,1,1,1,0,0,1
48201332500,Texas,Harris,1,1,1,1,1,1,0,0,1
48201332600,Texas,Harris,1,1,1,1,1,1,0,0,1
48201332700,Texas,Harris,1,0,1,0,1,0,0,0,0
48201332800,Texas,Harris,1,0,0,0,0,0,0,0,0
48201332900,Texas,Harris,1,0,1,0,1,0,0,0,0
48201333000,Texas,Harris,1,0,1,0,1,0,0,0,0
48201333100,Texas,Harris,1,0,0,0,0,0,0,0,0
48201333201,Texas,Harris,1,0,1,0,1,0,0,0,0
48201333202,Texas,Harris,1,0,1,0,1,0,0,0,1
48201333300,Texas,Harris,1,0,0,0,0,0,0,0,0
48201333500,Texas,Harris,1,0,1,0,1,0,0,0,1
48201333600,Texas,Harris,1,1,1,1,1,1,0,0,0
48201333700,Texas,Harris,1,1,1,1,1,1,0,0,0
48201333800,Texas,Harris,1,1,1,1,1,1,0,0,1
48201333901,Texas,Harris,1,0,1,0,1,0,0,0,0
48201333902,Texas,Harris,1,0,1,0,1,0,0,0,0
48201334001,Texas,Harris,1,0,1,0,1,0,0,0,0
48201334002,Texas,Harris,1,0,0,0,0,0,0,0,0
48201334003,Texas,Harris,1,0,1,0,1,0,0,0,0
48201334100,Texas,Harris,1,1,1,1,1,1,0,0,1
48201340100,Texas,Harris,1,1,1,1,1,1,0,0,0
48201340201,Texas,Harris,1,0,1,0,1,0,0,0,0
48201340202,Texas,Harris,1,1,1,1,1,1,0,0,0
48201340203,Texas,Harris,1,1,1,1,1,1,0,0,0
48201340301,Texas,Harris,1,1,1,1,1,1,0,0,0
48201340302,Texas,Harris,1,1,1,1,1,1,0,0,0
48201340400,Texas,Harris,1,0,0,0,0,0,0,0,0
48201340500,Texas,Harris,1,0,1,0,1,0,0,0,0
48201340600,Texas,Harris,1,0,1,0,1,0,0,0,0
48201340700,Texas,Harris,1,0,1,0,1,0,0,0,0
48201340800,Texas,Harris,1,0,1,0,1,0,0,0,0
48201340900,Texas,Harris,1,0,1,0,1,0,0,0,0
48201341000,Texas,Harris,1,0,1,0,1,0,0,0,1
48201341100,Texas,Harris,1,1,1,1,1,1,0,0,1
48201341201,Texas,Harris,1,1,1,1,1,1,0,0,0
48201341202,Texas,Harris,1,0,1,0,1,0,0,0,0
48201341301,Texas,Harris,1,1,1,1,1,1,0,0,1
48201341302,Texas,Harris,1,0,1,0,1,0,0,0,0
48201341400,Texas,Harris,1,1,1,1,1,1,0,0,0
48201341501,Texas,Harris,1,1,1,1,1,1,0,0,0
48201341502,Texas,Harris,1,0,1,0,1,0,0,0,0
48201341600,Texas,Harris,1,1,1,1,1,1,0,0,0
48201341700,Texas,Harris,1,1,1,1,1,1,0,0,0
48201341800,Texas,Harris,1,1,1,1,1,1,0,0,0
48201342001,Texas,Harris,1,1,1,1,1,1,0,0,0
48201342002,Texas,Harris,1,0,1,0,1,0,0,0,0
48201342100,Texas,Harris,1,0,1,0,1,0,0,0,0
48201342200,Texas,Harris,1,1,1,1,1,1,0,0,0
48201342300,Texas,Harris,1,0,1,0,1,0,0,0,0
48201342400,Texas,Harris,1,1,1,1,1,1,0,0,0
48201342500,Texas,Harris,1,1,1,1,1,1,0,0,1
48201342700,Texas,Harris,1,1,1,1,1,1,0,0,0
48201342800,Texas,Harris,1,1,1,1,1,1,0,0,0
48201342900,Texas,Harris,1,0,1,0,1,0,0,0,0
48201343000,Texas,Harris,1,0,1,0,1,0,0,0,0
48201343100,Texas,Harris,1,0,1,0,1,0,0,0,0
48201343200,Texas,Harris,1,1,1,1,1,1,0,0,0
48201343301,Texas,Harris,1,1,1,1,1,1,0,0,0
48201343302,Texas,Harris,1,1,1,1,1,1,0,0,0
48201343600,Texas,Harris,1,1,1,1,1,1,0,0,0
48201343700,Texas,Harris,1,1,1,1,1,1,0,0,0
48201350100,Texas,Harris,1,1,1,1,1,1,0,0,0
48201350200,Texas,Harris,1,1,1,1,1,1,0,0,0
48201350300,Texas,Harris,1,1,1,1,1,1,0,0,0
48201350400,Texas,Harris,1,0,0,0,0,0,0,0,0
48201350500,Texas,Harris,1,1,1,1,1,1,0,0,0
48201350601,Texas,Harris,1,1,1,1,1,1,0,0,0
48201350602,Texas,Harris,1,1,1,1,1,1,0,0,0
48201350700,Texas,Harris,1,1,1,1,1,1,0,0,0
48201350801,Texas,Harris,1,1,1,1,1,1,0,0,0
48201350802,Texas,Harris,1,1,1,1,1,1,0,0,0
48201410100,Texas,Harris,1,0,1,0,1,0,0,0,0
48201410200,Texas,Harris,1,0,1,0,1,0,0,0,0
48201410300,Texas,Harris,1,0,0,0,0,0,0,0,0
48201410401,Texas,Harris,1,0,0,0,0,0,0,0,0
48201410402,Texas,Harris,1,0,0,0,0,0,0,0,0
48201410500,Texas,Harris,1,0,1,0,1,0,0,0,0
48201410600,Texas,Harris,1,0,0,0,0,0,0,0,0
48201410701,Texas,Harris,1,0,1,0,1,0,0,0,0
48201410702,Texas,Harris,1,0,0,0,0,0,0,0,0
48201410800,Texas,Harris,1,0,0,0,0,0,0,0,0
48201410900,Texas,Harris,1,0,0,0,0,0,0,0,0
48201411000,Texas,Harris,1,0,0,0,0,0,0,0,0
48201411100,Texas,Harris,1,0,1,0,1,0,0,0,0
48201411200,Texas,Harris,1,0,1,0,1,0,0,0,0
48201411300,Texas,Harris,1,0,0,0,0,0,0,0,0
48201411400,Texas,Harris,1,0,1,0,1,0,0,0,0
48201411501,Texas,Harris,1,0,1,0,1,0,0,0,1
48201411502,Texas,Harris,1,0,1,0,1,0,0,0,0
48201411600,Texas,Harris,1,0,1,0,1,0,0,0,0
48201411700,Texas,Harris,1,0,1,0,1,0,0,0,0
48201411800,Texas,Harris,1,0,1,0,1,0,0,0,1
48201411900,Texas,Harris,1,0,1,0,1,0,0,0,0
48201412000,Texas,Harris,1,0,1,0,1,0,0,0,0
48201412100,Texas,Harris,1,0,1,0,1,0,0,0,0
48201412200,Texas,Harris,1,0,1,0,1,0,0,0,0
48201412300,Texas,Harris,1,0,1,0,1,0,0,0,0
48201412400,Texas,Harris,1,0,0,0,0,0,0,0,0
48201412500,Texas,Harris,1,0,0,0,0,0,0,0,0
48201412600,Texas,Harris,1,0,0,0,0,0,0,0,0
48201412700,Texas,Harris,1,0,1,0,1,0,0,0,0
48201412800,Texas,Harris,1,0,1,0,1,0,0,0,0
48201412900,Texas,Harris,1,0,0,0,0,0,0,0,0
48201413000,Texas,Harris,1,0,1,0,1,0,0,0,0
48201413100,Texas,Harris,1,0,1,0,1,0,0,0,0
48201413201,Texas,Harris,1,0,0,0,0,0,0,0,0
48201413202,Texas,Harris,1,0,0,0,0,0,0,0,0
48201413300,Texas,Harris,1,0,1,0,1,0,0,0,0
48201420100,Texas,Harris,1,0,1,0,1,0,0,0,1
48201420200,Texas,Harris,1,0,1,0,1,0,0,0,0
48201420300,Texas,Harris,1,0,1,0,1,0,0,0,0
48201420400,Texas,Harris,1,0,1,0,1,0,0,0,0
48201420500,Texas,Harris,1,1,1,1,1,1,0,0,0
48201420600,Texas,Harris,1,0,1,0,1,0,0,0,0
48201420700,Texas,Harris,1,0,0,0,0,0,0,0,0
48201420800,Texas,Harris,1,0,1,0,1,0,0,0,0
48201420900,Texas,Harris,1,0,1,0,1,0,0,0,0
48201421000,Texas,Harris,1,0,1,0,1,0,0,0,0
48201421101,Texas,Harris,1,0,0,0,0,0,0,0,0
48201421102,Texas,Harris,1,0,0,0,0,0,0,0,0
48201421201,Texas,Harris,1,0,0,0,0,0,0,0,0
48201421202,Texas,Harris,1,0,0,0,0,0,0,0,0
48201421300,Texas,Harris,1,0,1,0,1,0,0,0,0
48201421401,Texas,Harris,1,0,0,0,0,0,0,0,0
48201421402,Texas,Harris,1,0,0,0,0,0,0,0,0
48201421403,Texas,Harris,1,0,0,0,0,0,0,0,0
48201421500,Texas,Harris,1,0,0,0,0,0,0,0,0
48201421600,Texas,Harris,1,0,0,0,0,0,0,0,0
48201421700,Texas,Harris,1,0,1,0,1,0,0,0,0
48201421800,Texas,Harris,1,0,1,0,1,0,0,0,0
48201421900,Texas,Harris,1,0,1,0,1,0,0,0,0
48201422000,Texas,Harris,1,1,1,1,1,1,0,0,0
48201422100,Texas,Harris,1,1,1,1,1,1,0,0,0
48201422200,Texas,Harris,1,0,1,0,1,0,0,0,1
48201422301,Texas,Harris,1,0,1,0,1,0,0,0,1
48201422302,Texas,Harris,1,0,1,0,1,0,0,0,1
48201422401,Texas,Harris,1,0,1,0,1,0,0,0,0
48201422402,Texas,Harris,1,0,1,0,1,0,0,0,1
48201422500,Texas,Harris,1,0,0,0,0,0,0,0,0
48201422600,Texas,Harris,1,0,0,0,0,0,0,0,0
48201422701,Texas,Harris,1,0,1,0,1,0,0,0,0
48201422702,Texas,Harris,1,0,1,0,1,0,0,0,0
48201422800,Texas,Harris,1,0,1,0,1,0,0,0,1
48201422900,Texas,Harris,1,0,1,0,1,0,0,0,1
48201423000,Texas,Harris,1,0,1,0,1,0,0,0,0
48201423100,Texas,Harris,1,0,1,0,1,0,0,0,1
48201423201,Texas,Harris,1,0,1,0,1,0,0,0,0
48201423202,Texas,Harris,1,0,1,0,1,0,0,0,0
48201423301,Texas,Harris,1,0,1,0,1,0,0,0,0
48201423302,Texas,Harris,1,0,1,0,1,0,0,0,0
48201423401,Texas,Harris,1,0,1,0,1,0,0,0,0
48201423402,Texas,Harris,1,0,1,0,1,0,0,0,0
48201423500,Texas,Harris,1,0,1,0,1,0,0,0,0
48201423600,Texas,Harris,1,1,1,1,1,1,0,0,0
48201430100,Texas,Harris,1,1,1,1,1,1,0,0,1
48201430200,Texas,Harris,1,1,1,1,1,1,0,0,0
48201430300,Texas,Harris,1,1,1,1,1,1,0,0,0
48201430400,Texas,Harris,1,1,1,1,1,1,0,0,0
48201430500,Texas,Harris,1,0,1,0,1,0,0,0,0
48201430600,Texas,Harris,1,1,1,1,1,1,0,0,0
48201430700,Texas,Harris,1,0,1,0,1,0,0,0,0
48201430800,Texas,Harris,1,0,1,0,1,0,0,0,0
48201430900,Texas,Harris,1,1,1,1,1,1,0,0,0
48201431000,Texas,Harris,1,0,1,0,1,0,0,0,0
48201431101,Texas,Harris,1,0,1,0,1,0,0,0,0
48201431102,Texas,Harris,1,0,1,0,1,0,0,0,1
48201431201,Texas,Harris,1,0,0,0,0,0,0,0,0
48201431202,Texas,Harris,1,0,0,0,0,0,0,0,0
48201431301,Texas,Harris,1,0,0,0,0,0,0,0,0
48201431302,Texas,Harris,1,0,0,0,0,0,0,0,0
48201431401,Texas,Harris,1,0,0,0,0,0,0,0,0
48201431402,Texas,Harris,1,0,1,0,1,0,0,0,0
48201431501,Texas,Harris,1,0,1,0,1,0,0,0,0
48201431502,Texas,Harris,1,0,0,0,0,0,0,0,0
48201431600,Texas,Harris,1,1,1,1,1,1,0,0,0
48201431700,Texas,Harris,1,0,1,0,1,0,0,0,0
48201431801,Texas,Harris,1,0,1,0,1,0,0,0,1
48201431802,Texas,Harris,1,0,1,0,1,0,0,0,0
48201431900,Texas,Harris,1,0,1,0,1,0,0,0,1
48201432001,Texas,Harris,1,0,1,0,1,0,0,0,0
48201432002,Texas,Harris,1,0,1,0,1,0,0,0,1
48201432100,Texas,Harris,1,0,0,0,0,0,0,0,0
48201432200,Texas,Harris,1,0,1,0,1,0,0,0,0
48201432300,Texas,Harris,1,0,1,0,1,0,0,0,1
48201432400,Texas,Harris,1,0,1,0,1,0,0,0,1
48201432500,Texas,Harris,1,0,1,0,1,0,0,0,1
48201432600,Texas,Harris,1,0,1,0,1,0,0,0,0
48201432701,Texas,Harris,1,0,1,0,1,0,0,0,0
48201432702,Texas,Harris,1,0,1,0,1,0,0,0,0
48201432801,Texas,Harris,1,0,1,0,1,0,0,0,1
48201432802,Texas,Harris,1,0,1,0,1,0,0,0,0
48201432901,Texas,Harris,1,0,1,0,1,0,0,0,0
48201432902,Texas,Harris,1,0,1,0,1,0,0,0,1
48201433001,Texas,Harris,1,0,1,0,1,0,0,0,1
48201433002,Texas,Harris,1,0,0,0,0,0,0,0,0
48201433003,Texas,Harris,1,0,0,0,0,0,0,0,0
48201433100,Texas,Harris,1,0,1,0,1,0,0,0,0
48201433201,Texas,Harris,1,0,1,0,1,0,0,0,0
48201433202,Texas,Harris,1,0,0,0,0,0,0,0,0
48201433300,Texas,Harris,1,0,1,0,1,0,0,0,0
48201433400,Texas,Harris,1,0,0,0,0,0,0,0,0
48201433501,Texas,Harris,1,0,1,0,1,0,0,0,1
48201433502,Texas,Harris,1,0,0,0,0,0,0,0,0
48201433600,Texas,Harris,1,0,1,0,1,0,0,0,0
48201440100,Texas,Harris,1,1,1,1,1,1,0,0,1
48201450100,Texas,Harris,1,0,1,0,1,0,0,0,0
48201450200,Texas,Harris,1,1,1,1,1,1,0,0,0
48201450300,Texas,Harris,1,0,1,0,1,0,0,0,0
48201450400,Texas,Harris,1,0,1,0,1,0,0,0,0
48201450500,Texas,Harris,1,1,1,1,1,1,0,0,0
48201450600,Texas,Harris,1,0,1,0,1,0,0,0,0
48201450700,Texas,Harris,1,1,1,1,1,1,0,0,0
48201450801,Texas,Harris,1,0,1,0,1,0,0,0,1
48201450802,Texas,Harris,1,0,1,0,1,0,0,0,0
48201450900,Texas,Harris,1,0,0,0,0,0,0,0,0
48201451001,Texas,Harris,1,0,0,0,0,0,0,0,0
48201451002,Texas,Harris,1,0,1,0,1,0,0,0,0
48201451100,Texas,Harris,1,0,1,0,1,0,0,0,0
48201451200,Texas,Harris,1,0,1,0,1,0,0,0,0
48201451300,Texas,Harris,1,0,1,0,1,0,0,0,0
48201451401,Texas,Harris,1,0,1,0,1,0,0,0,0
48201451402,Texas,Harris,1,0,1,0,1,0,0,0,0
48201451403,Texas,Harris,1,0,1,0,1,0,0,0,0
48201451500,Texas,Harris,1,0,1,0,1,0,0,0,0
48201451601,Texas,Harris,1,1,1,1,1,1,0,0,1
48201451602,Texas,Harris,1,1,1,1,1,1,0,0,0
48201451700,Texas,Harris,1,0,1,0,1,0,0,0,0
48201451800,Texas,Harris,1,0,1,0,1,0,0,0,0
48201451901,Texas,Harris,1,1,1,1,1,1,0,0,1
48201451902,Texas,Harris,1,1,1,1,1,1,0,0,0
48201452000,Texas,Harris,1,0,1,0,1,0,0,0,0
48201452100,Texas,Harris,1,0,1,0,1,0,0,0,0
48201452201,Texas,Harris,1,0,1,0,1,0,0,0,0
48201452202,Texas,Harris,1,0,1,0,1,0,0,0,0
48201452300,Texas,Harris,1,1,1,1,1,1,0,0,0
48201452400,Texas,Harris,1,0,1,0,1,0,0,0,1
48201452500,Texas,Harris,1,0,1,0,1,0,0,0,1
48201452600,Texas,Harris,1,0,1,0,1,0,0,0,0
48201452700,Texas,Harris,1,0,1,0,1,0,0,0,1
48201452801,Texas,Harris,1,0,1,0,1,0,0,0,0
48201452802,Texas,Harris,1,0,0,0,0,0,0,0,0
48201452900,Texas,Harris,1,0,1,0,1,0,0,0,0
48201453000,Texas,Harris,1,0,1,0,1,0,0,0,0
48201453100,Texas,Harris,1,0,1,0,1,0,0,0,1
48201453200,Texas,Harris,1,0,1,0,1,0,0,0,1
48201453300,Texas,Harris,1,0,1,0,1,0,0,0,0
48201453401,Texas,Harris,1,0,0,0,0,0,0,0,0
48201453402,Texas,Harris,1,0,1,0,1,0,0,0,0
48201453403,Texas,Harris,1,0,1,0,1,0,0,0,0
48201453501,Texas,Harris,1,0,1,0,1,0,0,0,0
48201453502,Texas,Harris,1,0,1,0,1,0,0,0,0
48201453601,Texas,Harris,1,0,1,0,1,0,0,0,0
48201453602,Texas,Harris,1,0,1,0,1,0,0,0,1
48201453700,Texas,Harris,1,0,1,0,1,0,0,0,0
48201453800,Texas,Harris,1,0,1,0,1,0,0,0,0
48201453900,Texas,Harris,1,1,1,1,1,1,0,0,1
48201454000,Texas,Harris,1,0,1,0,1,0,0,0,0
48201454100,Texas,Harris,1,0,1,0,1,0,0,0,0
48201454200,Texas,Harris,1,1,1,1,1,1,0,0,0
48201454301,Texas,Harris,1,0,1,0,1,0,0,0,1
48201454302,Texas,Harris,1,1,1,1,1,1,0,0,0
48201454400,Texas,Harris,0,0,0,0,0,0,0,0,0
48201454501,Texas,Harris,1,1,1,1,1,1,0,0,0
48201454502,Texas,Harris,1,1,1,1,1,1,0,0,0
48201454600,Texas,Harris,1,0,1,0,1,0,0,0,0
48201454700,Texas,Harris,1,0,1,0,1,0,0,0,0
48201454800,Texas,Harris,1,0,1,0,1,0,0,0,0
48201454900,Texas,Harris,1,1,1,1,1,1,0,0,0
48201455000,Texas,Harris,1,0,1,0,1,0,0,0,0
48201455101,Texas,Harris,1,1,1,1,1,1,0,0,0
48201455102,Texas,Harris,1,1,1,1,1,1,0,0,0
48201455200,Texas,Harris,1,1,1,1,1,1,0,0,0
48201455300,Texas,Harris,1,1,1,1,1,1,0,0,0
48201510100,Texas,Harris,1,0,1,0,1,0,0,0,0
48201510200,Texas,Harris,1,0,1,0,1,0,0,0,0
48201510300,Texas,Harris,1,0,1,0,1,0,0,0,0
48201510400,Texas,Harris,1,0,1,0,1,0,0,0,0
48201510500,Texas,Harris,1,0,1,0,1,0,0,0,0
48201510600,Texas,Harris,1,0,1,0,1,0,0,0,0
48201510700,Texas,Harris,1,0,1,0,1,0,0,0,0
48201510800,Texas,Harris,1,0,1,0,1,0,0,0,0
48201510900,Texas,Harris,1,1,1,1,1,1,0,0,1
48201511001,Texas,Harris,1,0,1,0,1,0,0,0,0
48201511002,Texas,Harris,1,0,1,0,1,0,0,0,0
48201511100,Texas,Harris,1,0,1,0,1,0,0,0,0
48201511200,Texas,Harris,1,0,1,0,1,0,0,0,0
48201511301,Texas,Harris,1,0,0,0,0,0,0,0,0
48201511302,Texas,Harris,1,0,1,0,1,0,0,0,0
48201511400,Texas,Harris,1,0,1,0,1,0,0,0,0
48201511500,Texas,Harris,1,0,1,0,1,0,0,0,0
48201511600,Texas,Harris,1,0,1,0,1,0,0,0,0
48201520100,Texas,Harris,1,0,1,0,1,0,0,0,0
48201520200,Texas,Harris,1,0,1,0,1,0,0,0,0
48201520300,Texas,Harris,1,0,1,0,1,0,0,0,0
48201520400,Texas,Harris,1,0,1,0,1,0,0,0,0
48201520500,Texas,Harris,1,0,1,0,1,0,0,0,0
48201520601,Texas,Harris,1,0,0,0,0,0,0,0,0
48201520602,Texas,Harris,1,0,0,0,0,0,0,0,0
48201520700,Texas,Harris,1,0,1,0,1,0,0,0,0
48201521000,Texas,Harris,1,0,0,0,0,0,0,0,0
48201521100,Texas,Harris,1,0,0,0,0,0,0,0,0
48201521200,Texas,Harris,1,0,1,0,1,0,0,0,0
48201521300,Texas,Harris,1,0,1,0,1,0,0,0,0
48201521400,Texas,Harris,1,0,1,0,1,0,0,0,0
48201521500,Texas,Harris,1,0,1,0,1,0,0,0,0
48201521600,Texas,Harris,1,1,1,1,1,1,0,0,0
48201521700,Texas,Harris,1,1,1,1,1,1,0,0,0
48201521800,Texas,Harris,1,1,1,1,1,1,0,0,1
48201521900,Texas,Harris,1,0,1,0,1,0,0,0,0
48201522000,Texas,Harris,1,0,1,0,1,0,0,0,0
48201522100,Texas,Harris,1,0,1,0,1,0,0,0,0
48201522201,Texas,Harris,1,0,1,0,1,0,0,0,0
48201522202,Texas,Harris,1,0,1,0,1,0,0,0,0
48201522301,Texas,Harris,1,0,0,0,0,0,0,0,0
48201522302,Texas,Harris,1,0,0,0,0,0,0,0,0
48201522401,Texas,Harris,1,0,1,0,1,0,0,0,0
48201522402,Texas,Harris,1,0,1,0,1,0,0,0,0
48201522500,Texas,Harris,1,0,1,0,1,0,0,0,0
48201530100,Texas,Harris,1,0,1,0,1,0,0,0,1
48201530200,Texas,Harris,1,0,1,0,1,0,0,0,0
48201530300,Texas,Harris,1,0,1,0,1,0,0,0,0
48201530400,Texas,Harris,1,0,1,0,1,0,0,0,1
48201530500,Texas,Harris,1,0,1,0,1,0,0,0,1
48201530600,Texas,Harris,1,0,1,0,1,0,0,0,0
48201530700,Texas,Harris,1,0,1,0,1,0,0,0,1
48201530800,Texas,Harris,1,0,1,0,1,0,0,0,1
48201530900,Texas,Harris,1,0,1,0,1,0,0,0,1
48201531000,Texas,Harris,1,0,1,0,1,0,0,0,0
48201531100,Texas,Harris,1,0,1,0,1,0,0,0,0
48201531200,Texas,Harris,1,0,1,0,1,0,0,0,0
48201531300,Texas,Harris,1,0,1,0,1,0,0,0,1
48201531400,Texas,Harris,1,0,1,0,1,0,0,0,0
48201531500,Texas,Harris,1,0,1,0,1,0,0,0,0
48201531600,Texas,Harris,1,1,1,1,1,1,0,0,0
48201531700,Texas,Harris,1,0,1,0,1,0,0,0,0
48201531800,Texas,Harris,1,1,1,1,1,1,0,0,0
48201531900,Texas,Harris,1,1,1,1,1,1,0,0,1
48201532001,Texas,Harris,1,0,1,0,1,0,0,0,1
48201532002,Texas,Harris,1,0,1,0,1,0,0,0,0
48201532100,Texas,Harris,1,0,1,0,1,0,0,0,1
48201532200,Texas,Harris,1,0,1,0,1,0,0,0,1
48201532300,Texas,Harris,1,0,1,0,1,0,0,0,1
48201532400,Texas,Harris,1,1,1,1,1,1,0,0,1
48201532501,Texas,Harris,1,1,1,1,1,1,0,0,0
48201532502,Texas,Harris,1,0,1,0,1,0,0,0,0
48201532600,Texas,Harris,1,1,1,1,1,1,0,0,1
48201532700,Texas,Harris,1,0,1,0,1,0,0,0,0
48201532800,Texas,Harris,1,0,1,0,1,0,0,0,0
48201532900,Texas,Harris,1,1,1,1,1,1,0,0,0
48201533000,Texas,Harris,1,1,1,1,1,1,0,0,1
48201533100,Texas,Harris,1,1,1,1,1,1,0,0,1
48201533200,Texas,Harris,1,1,1,1,1,1,0,0,1
48201533300,Texas,Harris,1,1,1,1,1,1,0,0,1
48201533400,Texas,Harris,1,1,1,1,1,1,0,0,1
48201533500,Texas,Harris,1,1,1,1,1,1,0,0,0
48201533600,Texas,Harris,1,0,1,0,1,0,0,0,1
48201533701,Texas,Harris,1,0,1,0,1,0,0,0,1
48201533702,Texas,Harris,1,0,1,0,1,0,0,0,0
48201533801,Texas,Harris,1,1,1,1,1,1,0,0,0
48201533802,Texas,Harris,1,1,1,1,1,1,0,0,0
48201533901,Texas,Harris,1,1,1,1,1,1,0,0,0
48201533902,Texas,Harris,1,0,1,0,1,0,0,0,0
48201534001,Texas,Harris,1,0,1,0,1,0,0,0,0
48201534002,Texas,Harris,1,0,1,0,1,0,0,0,0
48201534003,Texas,Harris,1,1,1,1,1,1,0,0,0
48201534100,Texas,Harris,1,1,1,1,1,1,0,0,0
48201534201,Texas,Harris,1,0,1,0,1,0,0,0,0
48201534202,Texas,Harris,1,1,1,1,1,1,0,0,0
48201534203,Texas,Harris,1,1,1,1,1,1,0,0,0
48201540100,Texas,Harris,1,1,1,1,1,1,0,0,1
48201540200,Texas,Harris,1,1,1,1,1,1,0,0,0
48201540501,Texas,Harris,1,0,0,0,0,0,0,0,0
48201540502,Texas,Harris,1,0,1,0,1,0,0,0,0
48201540601,Texas,Harris,1,0,1,0,1,0,0,0,0
48201540602,Texas,Harris,1,0,1,0,1,0,0,0,0
48201540700,Texas,Harris,1,1,1,1,1,1,0,0,0
48201540800,Texas,Harris,1,1,1,1,1,1,0,0,0
48201540901,Texas,Harris,1,1,1,1,1,1,0,0,0
48201540902,Texas,Harris,1,0,1,0,1,0,0,0,0
48201541001,Texas,Harris,1,1,1,1,1,1,0,0,0
48201541002,Texas,Harris,1,1,1,1,1,1,0,0,1
48201541003,Texas,Harris,1,1,1,1,1,1,0,0,0
48201541100,Texas,Harris,1,1,1,1,1,1,0,0,0
48201541201,Texas,Harris,1,0,1,0,1,0,0,0,0
48201541202,Texas,Harris,1,1,1,1,1,1,0,0,0
48201541203,Texas,Harris,1,0,1,0,1,0,0,0,0
48201541300,Texas,Harris,1,0,1,0,1,0,0,0,0
48201541400,Texas,Harris,1,1,1,1,1,1,0,0,0
48201541500,Texas,Harris,1,0,1,0,1,0,0,0,0
48201541601,Texas,Harris,1,1,1,1,1,1,0,0,0
48201541602,Texas,Harris,1,1,1,1,1,1,0,0,0
48201541700,Texas,Harris,0,0,0,0,0,0,0,0,0
48201541800,Texas,Harris,1,1,1,1,1,1,0,0,0
48201541900,Texas,Harris,1,1,1,1,1,1,0,0,0
48201542000,Texas,Harris,1,1,1,1,1,1,0,0,0
48201542101,Texas,Harris,1,1,1,1,1,1,0,0,0
48201542102,Texas,Harris,1,1,1,1,1,1,0,0,0
48201542200,Texas,Harris,1,1,1,1,1,1,0,0,0
48201542301,Texas,Harris,1,1,1,1,1,1,0,0,0
48201542302,Texas,Harris,1,1,1,1,1,1,0,0,0
48201542400,Texas,Harris,1,0,1,0,1,0,0,0,0
48201542500,Texas,Harris,1,1,1,1,1,1,0,0,0
48201542600,Texas,Harris,1,0,1,0,1,0,0,0,0
48201542700,Texas,Harris,1,0,1,0,1,0,0,0,0
48201542800,Texas,Harris,1,1,1,1,1,1,0,0,0
48201542900,Texas,Harris,0,0,0,0,0,0,0,0,0
48201543001,Texas,Harris,0,0,0,0,0,0,0,0,0
48201543002,Texas,Harris,0,0,0,0,0,0,0,0,0
48201543003,Texas,Harris,1,1,1,1,1,1,0,0,1
48201543100,Texas,Harris,0,0,0,0,0,0,0,0,0
48201543200,Texas,Harris,0,0,0,0,0,0,0,0,1
48201550100,Texas,Harris,1,1,1,1,1,1,0,0,1
48201550200,Texas,Harris,1,0,1,0,1,0,0,0,1
48201550301,Texas,Harris,1,1,1,1,1,1,0,0,1
48201550302,Texas,Harris,1,1,1,1,1,1,0,0,1
48201550401,Texas,Harris,1,1,1,1,1,1,0,0,1
48201550402,Texas,Harris,1,1,1,1,1,1,0,0,1
48201550500,Texas,Harris,1,1,1,1,1,1,0,0,0
48201550601,Texas,Harris,1,1,1,1,1,1,0,0,0
48201550602,Texas,Harris,1,0,0,0,0,0,0,0,0
48201550603,Texas,Harris,1,0,1,0,1,0,0,0,0
48201550700,Texas,Harris,1,1,1,1,1,1,0,0,0
48201550800,Texas,Harris,1,0,1,0,1,0,0,0,0
48201550900,Texas,Harris,1,1,1,1,1,1,0,0,0
48201551000,Texas,Harris,1,0,1,0,1,0,0,0,0
48201551100,Texas,Harris,1,0,1,0,1,0,0,0,1
48201551200,Texas,Harris,1,0,1,0,1,0,0,0,0
48201551300,Texas,Harris,1,1,1,1,1,1,0,0,0
48201551400,Texas,Harris,1,1,1,1,1,1,0,0,0
48201551500,Texas,Harris,1,1,1,1,1,1,0,0,0
48201551600,Texas,Harris,1,1,1,1,1,1,0,0,0
48201551701,Texas,Harris,1,0,1,0,1,0,0,0,0
48201551702,Texas,Harris,1,0,1,0,1,0,0,0,0
48201551703,Texas,Harris,1,1,1,1,1,1,0,0,0
48201551800,Texas,Harris,1,1,1,1,1,1,0,0,0
48201551900,Texas,Harris,1,0,1,0,1,0,0,0,0
48201552001,Texas,Harris,1,0,1,0,1,0,0,0,1
48201552002,Texas,Harris,1,0,1,0,1,0,0,0,0
48201552101,Texas,Harris,1,1,1,1,1,1,0,0,0
48201552102,Texas,Harris,1,1,1,1,1,1,0,0,0
48201552103,Texas,Harris,1,0,1,0,1,0,0,0,0
48201552200,Texas,Harris,1,1,1,1,1,1,0,0,1
48201552301,Texas,Harris,1,1,1,1,1,1,0,0,0
48201552302,Texas,Harris,1,1,1,1,1,1,0,0,1
48201552400,Texas,Harris,1,1,1,1,1,1,0,0,0
48201552500,Texas,Harris,1,0,1,0,1,0,0,0,0
48201552601,Texas,Harris,1,1,1,1,1,1,0,0,1
48201552602,Texas,Harris,1,1,1,1,1,1,0,0,0
48201552700,Texas,Harris,1,0,1,0,1,0,0,0,1
48201552800,Texas,Harris,1,1,1,1,1,1,0,0,1
48201552900,Texas,Harris,1,0,1,0,1,0,0,0,0
48201553001,Texas,Harris,1,1,1,1,1,1,0,0,0
48201553002,Texas,Harris,1,1,1,1,1,1,0,0,0
48201553100,Texas,Harris,1,1,1,1,1,1,0,0,0
48201553200,Texas,Harris,1,1,1,1,1,1,0,0,1
48201553300,Texas,Harris,1,0,1,0,1,0,0,0,1
48201553401,Texas,Harris,1,1,1,1,1,1,0,0,0
48201553402,Texas,Harris,1,0,1,0,1,0,0,0,0
48201553403,Texas,Harris,1,0,1,0,1,0,0,0,0
48201553500,Texas,Harris,1,1,1,1,1,1,0,0,0
48201553600,Texas,Harris,1,1,1,1,1,1,0,0,0
48201553700,Texas,Harris,1,1,1,1,1,1,0,0,0
48201553801,Texas,Harris,1,1,1,1,1,1,0,0,0
48201553802,Texas,Harris,1,1,1,1,1,1,0,0,0
48201553900,Texas,Harris,1,1,1,1,1,1,0,0,0
48201554001,Texas,Harris,1,0,1,0,1,0,0,0,0
48201554002,Texas,Harris,1,0,1,0,1,0,0,0,0
48201554101,Texas,Harris,1,0,1,0,1,0,0,0,0
48201554102,Texas,Harris,1,1,1,1,1,1,0,0,0
48201554200,Texas,Harris,1,0,1,0,1,0,0,0,0
48201554301,Texas,Harris,1,0,1,0,1,0,0,0,0
48201554302,Texas,Harris,1,0,1,0,1,0,0,0,0
48201554401,Texas,Harris,1,1,1,1,1,1,0,0,0
48201554402,Texas,Harris,1,1,1,1,1,1,0,0,0
48201554403,Texas,Harris,1,1,1,1,1,1,0,0,0
48201554501,Texas,Harris,1,1,1,1,1,1,0,0,0
48201554502,Texas,Harris,1,0,1,0,1,0,0,0,0
48201554600,Texas,Harris,1,1,1,1,1,1,0,0,0
48201554700,Texas,Harris,1,0,1,0,1,0,0,0,0
48201554801,Texas,Harris,1,1,1,1,1,1,0,0,1
48201554802,Texas,Harris,1,1,1,1,1,1,0,0,0
48201554901,Texas,Harris,1,1,1,1,1,1,0,0,0
48201554902,Texas,Harris,1,1,1,1,1,1,0,0,0
48201554903,Texas,Harris,1,1,1,1,1,1,0,0,0
48201555000,Texas,Harris,1,1,1,1,1,1,0,0,0
48201555100,Texas,Harris,1,1,1,1,1,1,0,0,0
48201555200,Texas,Harris,1,1,1,1,1,1,0,0,0
48201555301,Texas,Harris,1,1,1,1,1,1,0,0,0
48201555302,Texas,Harris,1,1,1,1,1,1,0,0,0
48201555303,Texas,Harris,0,0,0,0,0,0,0,0,0
48201555401,Texas,Harris,1,1,1,1,1,1,0,0,0
48201555402,Texas,Harris,1,1,1,1,1,1,0,0,1
48201555501,Texas,Harris,0,0,0,0,0,0,0,0,0
48201555502,Texas,Harris,1,1,1,1,1,1,0,0,1
48201555600,Texas,Harris,0,0,0,0,0,0,0,0,0
48201555701,Texas,Harris,1,1,1,1,1,1,0,0,0
48201555702,Texas,Harris,1,1,1,1,1,1,0,0,0
48201556000,Texas,Harris,0,0,0,0,0,0,0,0,0
48201980000,Texas,Harris,1,1,1,1,1,1,0,0,0
48201980100,Texas,Harris,1,1,1,1,1,1,0,0,0
